testLeads,2415
5,800
,0
,1
,2
,3
,4
,5
,6
,7
,8
,9
,10
,11
,12
,13
,14
,15
,16
,17
,0
,1
,2
,3
,4
,5
,6
,7
,8
,9
,10
,11
,12
,13
,14
,15
,16
,17
,18
,19
,20
,21
,0
,1
,2
,3
,4
,5
,6
,7
,8
,9
,10
,11
,12
,13
,14
,15
,16
,17
,18
,19
,20
,21
,22
,23
,24
,25
,26
,27
,28
,29
,30
,0
,1
,2
,3
,4
,5
,6
,7
,8
,9
,10
,11
,0
,1
,2
,3
,4
,5
,6
,7
,8
e7056b02-88c3-483f-93b6-f9386973dcaa-reeeee,66
7c5ae5af-83a4-4671-afb0-530507e68225-reeeee,2340
22838939-110d-4928-bb60-3957a587b611-reeeee,0
acef0d24-98fe-44f6-b10a-9bcbb418ddea-reeeee,1
34a46660-756c-4b01-8746-41201a408712-reeeee,91
10a156d9-48e8-4f3f-9641-9f7d929cc419-reeeee,136
a3b46a33-6a7f-4302-816e-54aad476c0b2-reeeee,0
7cb1518d-c502-49cf-b7a6-a42200386271-reeeee,10
8f3d70cf-95b3-4dfc-bc20-6595619c1cdc-reeeee,45
0550117b-132a-499c-bd7e-2a76d5228714-reeeee,45
5f9c1e2e-b808-42ad-8be7-c0ec9b01699d-reeeee,45
dab37194-0a41-4f2b-a6ff-0e16e55e8eee-reeeee,45
614bcc0e-59e3-47b9-a9bd-3ccf4e0f3744-reeeee,6
c6f2dc86-e586-48c0-9182-02ad9b242dd8-noEmploymentHist,66
cab0ff6d-aa6a-4d63-808b-357adf6ab75e-noEmploymentHist,1
c5a854cf-e244-48a1-b6e7-37e923b6a347-orgNameJsonTest,21
4c5e9192-06be-42fe-98d3-29b4bafb1cda-orgNameJsonTest,3
85324225-903f-4443-86b9-a530ef3c1216-preHeaderChange,10
b2de9c88-df55-4369-bf94-60f2da4d901a-okThisTime,6
c6117fe6-ab4d-4eb9-accd-402dd34579e7-huh,28
0f73bb94-87d8-42b7-8652-0681ef551838-huh,1
3c89b569-0871-45a6-b57f-307af7aa3217-huh,3
707f8f56-5656-4eaa-adce-88397ee22d0a-huh,780
f0b45d0d-bc27-4b8a-9d1a-f982bc8b5884-huh,780
1e526414-4890-4ef3-8433-345298ec614a-pee,465
2c0af381-68aa-45cf-8b8e-8a1ead141a7b-testingPagingScheme,78
42e3a557-ac1f-437d-81b5-fceb0955ac61-testingPagingScheme,3
f8a23dd4-f7b2-4da6-bb59-cdf5da3ee9b8-testingFinalEmail,3
ee458f88-49ea-441e-8500-d2239c42318e-testingFinalEmail,3
8887cfd5-3277-4ac3-a50f-0af3f03ff286-testingFinalEmail,435
334cc86d-0dcc-4c96-a440-32adb82e7a41-paging,465
78d47c07-7a00-4555-ae36-03dc0ecd89be-paging,465
38f77a83-91b4-49cf-89c5-0a48371b5421-paging,465
58c41f52-e0c6-4e6b-acc4-700d327aed03-paging,55
4390d5c2-ac15-4d54-943f-87983a3e01ec-paging,3
aa9b0347-3477-43cf-8e5e-373b6ae89763-testingTiming,741
840c5add-387a-490b-bde1-a3180e1dafbd-testingTiming,6
7b50516c-533e-4326-bf2a-f65eb39494d6-testingTiming,36
281a1ef7-b79e-4719-ae2e-d9b461feeb54-timingFunc,741
9317bfdf-54bf-4174-aced-0a84664854c0-timingFunc2,741
77c28be6-00fa-43ff-8adf-72a413e76e13-timingFunc3,820
10707a13-b2b3-4035-a826-a4fb605affe5-timingFunc3,39621
0aba6aa5-776c-4647-9406-5f79d2a18dc2-timingFunc3,15
c90716ed-343d-4414-be27-44ff3aa56e0a-emptysearch,15
4b8d3f7d-5df7-4a5f-b4dd-c9fafd33c6e8-emptysearch,1
544d90f0-f331-4f16-bc40-b6122e24fb79-emptysearch,6
f6ff1670-c6e7-428c-a370-71dc0905acc1-emptysearch,1
18d82ce4-eff4-4368-ae71-b25a3834c731-timingFuncPlsWork,99011
c2096d6b-d23b-4749-96fb-ae329f932d34-timingFuncPlsWork2,80200
c28e0162-3385-4322-bf2c-532c8da7c01d-timingFuncPlsWork34,160400
2ff2ed30-f8df-4283-807e-7bc355a687ae-testingFinalEmail,6
bbae75f2-4c43-4f6f-ae86-6eee9a20bf76-timingFuncPlsWork2,1
ddebedc5-79e0-484e-bdc3-08a2b3ac35bd-headers,10
9d29f0a7-7db8-4c84-89bc-256d07482565-headersTest,10
34d4d9d6-a0ea-4b4d-9e1d-a654ef29b9c8-headersTest,10
d1891493-8ee0-43e1-a7ad-d65d178b7294-headersTest1,10
e96d33ca-d62a-4479-90a5-fcc610ddc7ec-headersTest3,1
4c4a4b09-c030-4a90-89c6-ea10fe576b89-headersTest3,1
18343ec5-61d6-402b-a8c3-cf1ed71367b0-headers,1
88a702ba-f48a-46df-aa0c-df274867037d-headers,1
eed16349-0530-4d80-adca-fa220031fd6f-headers,1
1fc3c650-3bcc-4342-9afd-361129379e5c-headersAgain,2
74421466-b980-4243-8dcf-260ac80a601a-headersAgain,2
a9db7e25-8f42-4e30-80d2-b0a0e36f0dd7-headersAgain,2
5ad65ccc-8f6b-463f-9dd0-290a224c33d5-headersAgain,1
20847d7f-9b73-49bb-88f3-3117feb70307-headersAgain,6
a454f2ad-845c-4e5a-bb0b-4ee22c59bd0b-headersAgain,3
2b5f835d-afaf-4a30-b690-28a0724f17ad-headersAgain,5050
c2448636-5156-466c-9c72-bb581e18eb98-headersAgain,5050
ea94d823-8e36-4fb3-9367-0ff7846c0be6-test.csv,630
8f1a2528-b18d-43c7-875e-0669522f76eb-test.csv,1
392a7eca-ba75-495e-8a9e-3fdff16fa870-test.csv,1
892accea-a5a5-4641-91d1-4b451df2116d-timingFuncPlsWork2,180500
3c8557ca-c136-412c-ae3f-82fb60f56f41-test,1
5fa7104c-5967-441b-8d5c-57dd091cf9e2-test,1
27f5b763-5c4b-4ea8-9ba5-1f31eaff1537-as,1
15329bcc-fc1f-4764-b71d-8bda85000ea6-timingFuncPlsWork2,6
d1e0c447-8d33-46ac-a1e6-5552e8a48b5a-file3,3
5263cb16-4646-45af-b45a-834289597a32-file4,3
50f075ef-dc7e-48d1-80f0-61970d7c463c-file5,3
9dd815f8-4824-423c-8fad-d9475e28d214-file6,3
ed11602c-981b-488c-85fd-b260643c08aa-file6,3
bb4a1ae5-6ed0-4b88-ad97-05210e6d488b-uhhh,3
e26e8fd9-9881-4a94-b57d-6f1e455137e7-meat,3
43e13875-e20c-4e4e-bcf4-681ca89ed30c-sihsuih,3
8035b859-a5c0-482a-8a45-d04763d66b4e-jskojs,3
f0720e97-0a1c-4ab8-aefd-961c744790a3-jskojs,3
438e4ce4-2d3f-4b0c-87fb-0810c6187bac-wagwan,3
c81ddbed-f563-439a-a9a7-0e186ece119b-djdk,3
98a0da09-3566-4d37-8d66-08fda469d221-djdk,3
edfc10cc-5d8f-49ad-8dd8-eecfc038f30e-1,3
59623a20-f8b8-464d-89ed-6485636e4ef4-2,3
47c759dd-2502-49a0-ad4e-1003cae3ce54-3,3
192a8d32-ce14-425e-88db-b809633e4287-3,1
99acd601-c41c-4ee7-9f42-a0281978a204-5,1
af1fda72-f555-4198-904f-253406898e7b-timingFuncPlsWork2,3
a269e48e-674e-4ca8-a090-3ef6e2eb829f-timingFuncPlsWork2,3
b8ae0e20-6331-45f2-8a12-ba0324d94ffd-timingFuncPlsWork2,1
4ccb4694-1143-4128-90bb-fd332cd62ed7-timingFuncPlsWork2,28
1ad737c0-6ac6-4449-97fb-bd1a560e1df5-timingFuncPlsWork2,1
e237b6ee-3160-4a70-bc38-b5240af16811-timingFuncPlsWork2,55
97d36f31-f139-4dba-b081-5321a0c144bb-timingFuncPlsWork2,3
d5eb2ae9-3b26-499b-be00-3c4021e7e57e-timingFuncPlsWork2,28
0a0cfd3e-5da4-4fec-8e26-64f2afd5a71a-timingFuncPlsWork2,5050
8095cb77-4405-4666-a97a-c01c879b89aa-timingFuncPlsWork2,10
c0e5df2f-962c-4106-b518-d2b1c24da352-timingFuncPlsWork2,5050
d8a1d35a-a083-46c6-8f62-85ba84fc8937-timingFuncPlsWork2,55
439afcb0-c331-4429-bf43-cd995c779f8f-timingFuncPlsWork2,1
ed4c091f-b95d-40ab-bf03-2fe09af44063-timingFuncPlsWork2,1
0cc74ce0-5ccc-4fd7-b19c-d904d76e29f5-timingFuncPlsWork2,55
f6578a4c-3ebd-4740-8300-77ab1b96c4b2-timingFuncPlsWork2,55
48d52660-d2af-4324-a242-0e21286681ce-timingFuncPlsWork2,6
c7123ac1-b5c4-4e1c-b635-758d7c106c86-timingFuncPlsWork2,55
22d6c29e-1d71-41c9-8013-1c47f0304ba4-timingFuncPlsWork2,55
ed746c63-e4f7-4d8d-a703-0948cfad3152-timingFuncPlsWork2,2926
3d1edb0e-c0bd-4a94-a895-4be1ea932198-timingFuncPlsWork2,1
ce1411b6-b7ca-4cfd-bc4e-3c3454589fed-timingFuncPlsWork2,1
38fb6471-598d-46af-ac35-10786ce986bc-timingFuncPlsWork2,1
2be3a06d-526b-446f-9e49-4eae1596e7e7-timingFuncPlsWork2,1
ed54d834-594e-4ffa-8c88-fb30a10db73a-timingFuncPlsWork2,55
c64175d5-10de-4acc-a925-8264be9e643e-timingFuncPlsWork2,6
00416924-dbab-45f4-be50-4b85a53802d3-timingFuncPlsWork2,55
048a889b-ed16-472e-9466-010fd7d02671-timingFuncPlsWork2,6
5c5b0685-6831-4fd8-8436-9cbc06776b63-timingFuncPlsWork2,55
a6198fe4-87a9-4b89-bb2d-6e818d9e11e6-timingFuncPlsWork2,55
21fecae5-0397-4500-81c8-ec3e43bc39f5-headerRep,15
cd3ddf0a-3df9-4917-a867-e20c8e8ae7f2-headerRep,1
2d99f8ed-8653-4269-a605-7703c4de8020-headerRep,15
ca86d24c-276f-4f69-a80f-6f27747f80ee-headerRep,15
978ae0c1-c693-4521-ad60-9b1b30251f01-headerRep,15
b496ebe2-cd1a-4ab7-9470-bf6f4f847b19-headerRep,15
35083321-5a7a-4dc0-9e5c-086c4649cc6a-headerRep,6
c439450f-1f2f-48d3-868d-ed5a722a1d66-headerRep,6
20290bb0-2e61-4607-b11b-61cfc0dd391a-headerRep,3
ed218f67-a5c7-49d6-8f9f-e2a43bcfcd82-headerRep,3
c335e40e-2ea4-4721-9f5e-e2d6f5d8b942-headerRep,3
0ba6cebb-a114-4c4e-91d8-f1ea4aefec25-timingFuncPlsWork2,3
56f32566-482d-4c8c-96d9-b4b3d109f795-timingFuncPlsWork2,3
75c655a2-8b77-42e7-9ab0-5070ef67950f-timingFuncPlsWork2,3
fdd2d1cb-9f1c-4c18-ae3b-4d00fa7853c2-HeaderTest1,1
0bb32625-f6e6-4f24-8604-a2c44b604b05-HeaderTest1,3
fa1d721d-cf8e-4a70-8978-bad7537a2de8-HeaderTest1,3
d6ea7eac-ef25-429c-9cba-7593ce3cccb8-HeaderTest1,1
c03def5b-e67c-4934-9c23-b8075e827910-HeaderTest1,45
053436ec-03a2-40c5-91af-b9157a2e3ff8-HeaderTest1,45
22541496-ae65-4a55-9108-e658964b575a-HeaderTest1,55
32b5b803-9627-48ad-96a7-f447e5ff0f19-HeaderTest1,55
5376608e-ae6d-49c7-9539-9c9fd2790ba5-HeaderTest1,3
09ce3b60-4d0a-4817-a556-0d6486519a7d-testingFunc,136
fd2dd995-5f97-47c6-b9cf-4edcaa7c2f94-testingFunc,28
b1442448-d807-4910-a15d-62704cdc0aeb-testingFunc,10
d86b7834-d1c5-45dc-9896-0e864a7ba9be-testingFunc,595
e4168ffe-ba9d-4cbd-af81-1f1a5cceaf2c-testingFunc,5050
5270bfc3-73c9-4ec1-8d0b-46d7add9b8e5-lucero2,78
3fa2691e-28a2-4e59-88eb-7e0c43343568-lucero-leads,4656
c35391e0-9fea-440d-8c0a-ae7d6fdd7b0f-timingFuncPlsWork2,1
d9d15308-2f68-4ec8-8297-02f09479f914-timingFuncPlsWork2,1
146a721d-d51f-4999-ad78-bbedbe572e35-timingFuncPlsWork2,55
b0e6abc7-ee5b-446d-a85d-1676a48c1d3c-timingFuncPlsWork2,55
c7c9aedd-5447-4030-ac21-65bb42b8276a-fuckingPlease,55
e763efdf-c156-48d2-a23a-c1863f9f11a7-fuckingPlease,55
eb067fac-3c40-4cdf-917e-19c8d846e129-fuckingPlease2,4656
734d3a1f-ecf8-41b9-a94f-45fc0bd35b39-fuckingPlease2,1
bfaca885-f9c5-41b7-998c-709feed40e41-timingFuncPlsWork2,80200
8aa898a8-54fc-41dd-92a0-7a621a6464c0-timingFuncPlsWork2,5050
3ddb4a89-41da-47a2-a4b7-e95803ed7167-fuckingPlease2lmao,15
ed435840-1472-4af4-b050-33e984e7960f-fuckingPlease2lmao,1
0ea6cfe4-9fc0-4e4a-a4e4-e9917467a5bd-fuckingPlease2lmao,1
04e617f0-712a-4cdd-89b3-36521211ded8-fuckingPlease2lmao,1
35e78693-dd18-4880-8288-d03b29ef2ce0-fuckingPlease2lmao,1
37ba17a9-5692-4a06-8cea-130e43d14f98-fuckingPlease2lmao,1
4364cf28-e4f2-4fa5-bd57-cb22b07ddca8-fuckingPlease2lmao,1
ef13b993-ba94-41f6-8d7b-635e4422adaf-fuckingPlease2lmao,1
0d930a56-b5ca-4b0d-8c54-8f0790e863bf-fuckingPlease2lmao,1
72791a81-59ea-4869-9430-46c6e8b6b24b-fuckingPlease2lmao,1
75e2fb14-0929-4701-abb4-726d6694fc0b-fuckingPlease2lmao,1
730399fd-0f33-4830-a69c-0239fbe20df2-fuckingPlease2lmao,1
8afd9eca-fb2d-45b5-bce2-f1242621f367-fuckingPlease2lmao,1
df20cb7f-366d-4e75-8033-cce79e9a4e6f-fuckingPlease2lmao,1
f7a3e6eb-c5fb-4e53-9867-0445c84dbf9e-fuckingPlease2lmao,2
ff26e6a2-f486-4db5-9243-aa182f63423c-fuckingPlease2lmao,1
dba56f8b-fcaa-4f93-a487-b9892e996ddb-fuckingPlease2lmao,2
3fe10e00-8431-4330-ab41-1714c58b345e-fuckingPlease2lmao,1
ab673ef2-53b8-4d1e-98dd-3b6349dd34d6-fuckingPlease2lmao,2
fd59a3c8-0d7e-4abf-a65c-71e540492f3c-fuckingPlease2lmao,105
7d982ff3-aab6-439a-be4c-f5ebb9a88253-fuckingPlease2lmao,1
0e03eafc-8df5-47b8-a4fb-646c2c4a382a-fuckingPlease2lmao,1
614385ca-fd36-4b21-b713-34bb27ab8b29-fuckingPlease2lmao,2
83bdaaf3-b2ea-40a8-86f7-7caa4deccfb3-fuckingPlease2lmao,2
3270969c-9c13-41cf-b330-32db07c06267-headers,2
ef8a4a91-3ef3-4881-be82-f662da7b9023-headers2,2
64be7cdd-ab1f-45c0-a6b6-0330d30bff6e-headers2,3
f59c6741-2d6f-4e91-a750-673204256219-paging,4
73125060-9b2f-43c8-b211-ce8df53d4b2a-paging,7
fcfad950-72d8-402a-8dd4-4e5d6c640621-paging,3
cd6151d0-08a3-4459-952f-d8602396866c-paging,43
1c0ca28c-38c6-418e-8bb2-4cfa71ac9d70-paging,3
f9e2a1c3-67bb-4e0e-8a35-c6bbdb27f75d-paging,13
1209724b-b754-4578-a061-a5a6b7d513ea-paging,4
83c0f05f-41d6-4a88-a05a-4b8a9b690e31-paging,20
c41059c9-1390-404a-90e2-9aeed110c202-paging3,44
905b155c-a66b-4ab2-95e9-757033a485f6-paging4,5
0112e472-262e-4522-a16d-66aaf1722ccf-paging5,7
213dbb5b-6dc9-41e5-b3dc-2eb1d83460d4-paging5,4
16b6cd96-c82e-48d5-825c-f73db080b872-paging5,6
9ac35849-cd60-4b63-8cf3-f79ce03fa077-paging5,10
788d6725-2674-4185-a334-de9e5b3bd532-paging5,2
bad8ee1a-2f6a-437d-bc89-9d44f628a34c-paging5,10
54e5d5d7-d49e-466a-a2e5-f7c165e509d3-paging5,10
24e4aa42-4aea-4f71-9956-fb0a2ed10cf9-orgData,1
78bcb04b-323a-4842-ba90-a3bd2e8a5b21-orgData,1
8f6713c8-cde8-448e-9766-80a3efbf05d0-orgData,1
a41ed4e6-aa15-4bca-b38a-92e03529ea3b-orgData,1
b2a40790-1d5d-4931-a9f2-f69351eb67d4-orgData,1
60b498d0-1df3-4f24-b356-cac09c6edf98-orgData,10
41010a83-26c1-46b4-9535-d13954b95c9f-orgData,10
4fcf0436-fdd8-4ff7-bace-dabdab20c15e-orgData,10
4e9391f2-2b29-406b-95fc-6972b2d07274-Wx_nQBSsJh8iJmP-FVJqPA,5
9efe2759-8b29-459f-8b44-6bd60583d647-Wx_nQBSsJh8iJmP-FVJqPA,27
defd1711-804d-4eda-84bd-7690a3f87c21-Wx_nQBSsJh8iJmP-FVJqPA,8
476830ce-4e3f-4da6-b314-9350f7c6e4d4-tag,1
9238579e-7f4d-46db-a228-1d34e7a075c1-tag,1